[
 {
  "from_node": "Control Rig torso",
  "to_node": "Source Rig pelvis",
  "from_socket": "torso",
  "to_socket": "pelvis"
 },
 {
  "from_node": "Control Rig spine_fk",
  "to_node": "Source Rig pelvis.001",
  "from_socket": "spine_fk",
  "to_socket": "pelvis"
 },
 {
  "from_node": "Control Rig hips",
  "to_node": "Source Rig pelvis.002",
  "from_socket": "hips",
  "to_socket": "pelvis"
 },
 {
  "from_node": "Control Rig spine_fk.001",
  "to_node": "Source Rig spine_01",
  "from_socket": "spine_fk.001",
  "to_socket": "spine_01"
 },
 {
  "from_node": "Control Rig spine_fk.002",
  "to_node": "Source Rig spine_02",
  "from_socket": "spine_fk.002",
  "to_socket": "spine_02"
 },
 {
  "from_node": "Control Rig tweak_spine.001",
  "to_node": "Source Rig spine_01.001",
  "from_socket": "tweak_spine.001",
  "to_socket": "spine_01"
 },
 {
  "from_node": "Control Rig tweak_spine.002",
  "to_node": "Source Rig spine_02.001",
  "from_socket": "tweak_spine.002",
  "to_socket": "spine_02"
 },
 {
  "from_node": "Control Rig spine_fk.003",
  "to_node": "Source Rig spine_03",
  "from_socket": "spine_fk.003",
  "to_socket": "spine_03"
 },
 {
  "from_node": "Control Rig tweak_spine.003",
  "to_node": "Source Rig spine_03.001",
  "from_socket": "tweak_spine.003",
  "to_socket": "spine_03"
 },
 {
  "from_node": "Control Rig tweak_spine.007",
  "to_node": "Source Rig spine_04",
  "from_socket": "tweak_spine.007",
  "to_socket": "spine_04"
 },
 {
  "from_node": "Control Rig spine_fk.007",
  "to_node": "Source Rig spine_04.001",
  "from_socket": "spine_fk.007",
  "to_socket": "spine_04"
 },
 {
  "from_node": "Control Rig tweak_spine.008",
  "to_node": "Source Rig spine_05",
  "from_socket": "tweak_spine.008",
  "to_socket": "spine_05"
 },
 {
  "from_node": "Control Rig spine_fk.008",
  "to_node": "Source Rig spine_05.001",
  "from_socket": "spine_fk.008",
  "to_socket": "spine_05"
 },
 {
  "from_node": "Control Rig chest",
  "to_node": "Source Rig spine_05.002",
  "from_socket": "chest",
  "to_socket": "spine_05"
 },
 {
  "from_node": "Control Rig shoulder.L",
  "to_node": "Source Rig clavicle_l",
  "from_socket": "shoulder.L",
  "to_socket": "clavicle_l"
 },
 {
  "from_node": "Control Rig shoulder.L",
  "to_node": "Source Rig clavicle_l",
  "from_socket": "shoulder.R",
  "to_socket": "clavicle_r"
 },
 {
  "from_node": "Control Rig tweak_spine.004",
  "to_node": "Source Rig neck_01",
  "from_socket": "tweak_spine.004",
  "to_socket": "neck_01"
 },
 {
  "from_node": "Control Rig tweak_spine.005",
  "to_node": "Source Rig neck_02",
  "from_socket": "tweak_spine.005",
  "to_socket": "neck_02"
 },
 {
  "from_node": "Control Rig neck",
  "to_node": "Source Rig neck_02.001",
  "from_socket": "neck",
  "to_socket": "neck_02"
 },
 {
  "from_node": "Control Rig head",
  "to_node": "Source Rig head",
  "from_socket": "head",
  "to_socket": "head"
 },
 {
  "from_node": "Control Rig thigh_fk.L",
  "to_node": "Source Rig thigh_l",
  "from_socket": "thigh_fk.L",
  "to_socket": "thigh_l"
 },
 {
  "from_node": "Control Rig thigh_fk.L",
  "to_node": "Source Rig thigh_l",
  "from_socket": "thigh_fk.R",
  "to_socket": "thigh_r"
 },
 {
  "from_node": "Control Rig thigh_tweak.L",
  "to_node": "Source Rig thigh_l.001",
  "from_socket": "thigh_tweak.L",
  "to_socket": "thigh_l"
 },
 {
  "from_node": "Control Rig thigh_tweak.L",
  "to_node": "Source Rig thigh_l.001",
  "from_socket": "thigh_tweak.R",
  "to_socket": "thigh_r"
 },
 {
  "from_node": "Control Rig thigh_tweak.L.002",
  "to_node": "Source Rig thigh_twist_01_l.001",
  "from_socket": "thigh_tweak.L.001",
  "to_socket": "thigh_twist_01_l"
 },
 {
  "from_node": "Control Rig thigh_tweak.L.002",
  "to_node": "Source Rig thigh_twist_01_l.001",
  "from_socket": "thigh_tweak.R.001",
  "to_socket": "thigh_twist_01_r"
 },
 {
  "from_node": "Control Rig thigh_tweak.L.003",
  "to_node": "Source Rig thigh_twist_02_l",
  "from_socket": "thigh_tweak.L.002",
  "to_socket": "thigh_twist_02_l"
 },
 {
  "from_node": "Control Rig thigh_tweak.L.003",
  "to_node": "Source Rig thigh_twist_02_l",
  "from_socket": "thigh_tweak.R.002",
  "to_socket": "thigh_twist_02_r"
 },
 {
  "from_node": "Control Rig shin_fk.L",
  "to_node": "Source Rig calf_l",
  "from_socket": "shin_fk.L",
  "to_socket": "calf_l"
 },
 {
  "from_node": "Control Rig shin_fk.L",
  "to_node": "Source Rig calf_l",
  "from_socket": "shin_fk.R",
  "to_socket": "calf_r"
 },
 {
  "from_node": "Control Rig shin_tweak.L",
  "to_node": "Source Rig calf_l.001",
  "from_socket": "shin_tweak.L",
  "to_socket": "calf_l"
 },
 {
  "from_node": "Control Rig shin_tweak.L",
  "to_node": "Source Rig calf_l.001",
  "from_socket": "shin_tweak.R",
  "to_socket": "calf_r"
 },
 {
  "from_node": "Control Rig shin_tweak.L.001",
  "to_node": "Source Rig calf_twist_02_l",
  "from_socket": "shin_tweak.L.001",
  "to_socket": "calf_twist_02_l"
 },
 {
  "from_node": "Control Rig shin_tweak.L.001",
  "to_node": "Source Rig calf_twist_02_l",
  "from_socket": "shin_tweak.R.001",
  "to_socket": "calf_twist_02_r"
 },
 {
  "from_node": "Control Rig shin_tweak.L.002",
  "to_node": "Source Rig calf_twist_01_l",
  "from_socket": "shin_tweak.L.002",
  "to_socket": "calf_twist_01_l"
 },
 {
  "from_node": "Control Rig shin_tweak.L.002",
  "to_node": "Source Rig calf_twist_01_l",
  "from_socket": "shin_tweak.R.002",
  "to_socket": "calf_twist_01_r"
 },
 {
  "from_node": "Control Rig foot_fk.L",
  "to_node": "Source Rig foot_l",
  "from_socket": "foot_fk.L",
  "to_socket": "foot_l"
 },
 {
  "from_node": "Control Rig foot_fk.L",
  "to_node": "Source Rig foot_l",
  "from_socket": "foot_fk.R",
  "to_socket": "foot_r"
 },
 {
  "from_node": "Control Rig foot_tweak.L",
  "to_node": "Source Rig foot_l.001",
  "from_socket": "foot_tweak.L",
  "to_socket": "foot_l"
 },
 {
  "from_node": "Control Rig foot_tweak.L",
  "to_node": "Source Rig foot_l.001",
  "from_socket": "foot_tweak.R",
  "to_socket": "foot_r"
 },
 {
  "from_node": "Control Rig toe.L",
  "to_node": "Source Rig ball_l",
  "from_socket": "toe.L",
  "to_socket": "ball_l"
 },
 {
  "from_node": "Control Rig toe.L",
  "to_node": "Source Rig ball_l",
  "from_socket": "toe.R",
  "to_socket": "ball_r"
 },
 {
  "from_node": "Control Rig upper_arm_tweak.L",
  "to_node": "Source Rig upperarm_l",
  "from_socket": "upper_arm_tweak.L",
  "to_socket": "upperarm_l"
 },
 {
  "from_node": "Control Rig upper_arm_tweak.L",
  "to_node": "Source Rig upperarm_l",
  "from_socket": "upper_arm_tweak.R",
  "to_socket": "upperarm_r"
 },
 {
  "from_node": "Control Rig upper_arm_fk.L",
  "to_node": "Source Rig upperarm_l.001",
  "from_socket": "upper_arm_fk.L",
  "to_socket": "upperarm_l"
 },
 {
  "from_node": "Control Rig upper_arm_fk.L",
  "to_node": "Source Rig upperarm_l.001",
  "from_socket": "upper_arm_fk.R",
  "to_socket": "upperarm_r"
 },
 {
  "from_node": "Control Rig upper_arm_tweak.L.001",
  "to_node": "Source Rig upperarm_twist_01_l",
  "from_socket": "upper_arm_tweak.L.001",
  "to_socket": "upperarm_twist_01_l"
 },
 {
  "from_node": "Control Rig upper_arm_tweak.L.001",
  "to_node": "Source Rig upperarm_twist_01_l",
  "from_socket": "upper_arm_tweak.R.001",
  "to_socket": "upperarm_twist_01_r"
 },
 {
  "from_node": "Control Rig upper_arm_tweak.L.002",
  "to_node": "Source Rig upperarm_twist_02_l",
  "from_socket": "upper_arm_tweak.L.002",
  "to_socket": "upperarm_twist_02_l"
 },
 {
  "from_node": "Control Rig upper_arm_tweak.L.002",
  "to_node": "Source Rig upperarm_twist_02_l",
  "from_socket": "upper_arm_tweak.R.002",
  "to_socket": "upperarm_twist_02_r"
 },
 {
  "from_node": "Control Rig forearm_fk.L",
  "to_node": "Source Rig lowerarm_l",
  "from_socket": "forearm_fk.L",
  "to_socket": "lowerarm_l"
 },
 {
  "from_node": "Control Rig forearm_fk.L",
  "to_node": "Source Rig lowerarm_l",
  "from_socket": "forearm_fk.R",
  "to_socket": "lowerarm_r"
 },
 {
  "from_node": "Control Rig forearm_tweak.L",
  "to_node": "Source Rig lowerarm_l.001",
  "from_socket": "forearm_tweak.L",
  "to_socket": "lowerarm_l"
 },
 {
  "from_node": "Control Rig forearm_tweak.L",
  "to_node": "Source Rig lowerarm_l.001",
  "from_socket": "forearm_tweak.R",
  "to_socket": "lowerarm_r"
 },
 {
  "from_node": "Control Rig forearm_tweak.L.001",
  "to_node": "Source Rig lowerarm_twist_02_l",
  "from_socket": "forearm_tweak.L.001",
  "to_socket": "lowerarm_twist_02_l"
 },
 {
  "from_node": "Control Rig forearm_tweak.L.001",
  "to_node": "Source Rig lowerarm_twist_02_l",
  "from_socket": "forearm_tweak.R.001",
  "to_socket": "lowerarm_twist_02_r"
 },
 {
  "from_node": "Control Rig forearm_tweak.L.002",
  "to_node": "Source Rig lowerarm_twist_01_l",
  "from_socket": "forearm_tweak.L.002",
  "to_socket": "lowerarm_twist_01_l"
 },
 {
  "from_node": "Control Rig forearm_tweak.L.002",
  "to_node": "Source Rig lowerarm_twist_01_l",
  "from_socket": "forearm_tweak.R.002",
  "to_socket": "lowerarm_twist_01_r"
 },
 {
  "from_node": "Control Rig hand_fk.L",
  "to_node": "Source Rig hand_l",
  "from_socket": "hand_fk.L",
  "to_socket": "hand_l"
 },
 {
  "from_node": "Control Rig hand_fk.L",
  "to_node": "Source Rig hand_l",
  "from_socket": "hand_fk.R",
  "to_socket": "hand_r"
 },
 {
  "from_node": "Control Rig hand_tweak.L",
  "to_node": "Source Rig hand_l.001",
  "from_socket": "hand_tweak.L",
  "to_socket": "hand_l"
 },
 {
  "from_node": "Control Rig hand_tweak.L",
  "to_node": "Source Rig hand_l.001",
  "from_socket": "hand_tweak.R",
  "to_socket": "hand_r"
 },
 {
  "from_node": "Control Rig thumb.01.L",
  "to_node": "Source Rig thumb_01_l",
  "from_socket": "thumb.01.L",
  "to_socket": "thumb_01_l"
 },
 {
  "from_node": "Control Rig thumb.01.L",
  "to_node": "Source Rig thumb_01_l",
  "from_socket": "thumb.01.R",
  "to_socket": "thumb_01_r"
 },
 {
  "from_node": "Control Rig thumb.02.L",
  "to_node": "Source Rig thumb_02_l",
  "from_socket": "thumb.02.L",
  "to_socket": "thumb_02_l"
 },
 {
  "from_node": "Control Rig thumb.02.L",
  "to_node": "Source Rig thumb_02_l",
  "from_socket": "thumb.02.R",
  "to_socket": "thumb_02_r"
 },
 {
  "from_node": "Control Rig thumb.03.L",
  "to_node": "Source Rig thumb_03_l",
  "from_socket": "thumb.03.L",
  "to_socket": "thumb_03_l"
 },
 {
  "from_node": "Control Rig thumb.03.L",
  "to_node": "Source Rig thumb_03_l",
  "from_socket": "thumb.03.R",
  "to_socket": "thumb_03_r"
 },
 {
  "from_node": "Control Rig f_index.01.L",
  "to_node": "Source Rig index_01_l",
  "from_socket": "f_index.01.L",
  "to_socket": "index_01_l"
 },
 {
  "from_node": "Control Rig f_index.01.L",
  "to_node": "Source Rig index_01_l",
  "from_socket": "f_index.01.R",
  "to_socket": "index_01_r"
 },
 {
  "from_node": "Control Rig f_index.02.L",
  "to_node": "Source Rig index_02_l",
  "from_socket": "f_index.02.L",
  "to_socket": "index_02_l"
 },
 {
  "from_node": "Control Rig f_index.02.L",
  "to_node": "Source Rig index_02_l",
  "from_socket": "f_index.02.R",
  "to_socket": "index_02_r"
 },
 {
  "from_node": "Control Rig f_index.03.L",
  "to_node": "Source Rig index_03_l",
  "from_socket": "f_index.03.L",
  "to_socket": "index_03_l"
 },
 {
  "from_node": "Control Rig f_index.03.L",
  "to_node": "Source Rig index_03_l",
  "from_socket": "f_index.03.R",
  "to_socket": "index_03_r"
 },
 {
  "from_node": "Control Rig f_middle.01.L",
  "to_node": "Source Rig middle_01_l",
  "from_socket": "f_middle.01.L",
  "to_socket": "middle_01_l"
 },
 {
  "from_node": "Control Rig f_middle.01.L",
  "to_node": "Source Rig middle_01_l",
  "from_socket": "f_middle.01.R",
  "to_socket": "middle_01_r"
 },
 {
  "from_node": "Control Rig f_middle.02.L",
  "to_node": "Source Rig middle_02_l",
  "from_socket": "f_middle.02.L",
  "to_socket": "middle_02_l"
 },
 {
  "from_node": "Control Rig f_middle.02.L",
  "to_node": "Source Rig middle_02_l",
  "from_socket": "f_middle.02.R",
  "to_socket": "middle_02_r"
 },
 {
  "from_node": "Control Rig f_middle.03.L",
  "to_node": "Source Rig middle_03_l",
  "from_socket": "f_middle.03.L",
  "to_socket": "middle_03_l"
 },
 {
  "from_node": "Control Rig f_middle.03.L",
  "to_node": "Source Rig middle_03_l",
  "from_socket": "f_middle.03.R",
  "to_socket": "middle_03_r"
 },
 {
  "from_node": "Control Rig f_ring.01.L",
  "to_node": "Source Rig ring_01_l",
  "from_socket": "f_ring.01.L",
  "to_socket": "ring_01_l"
 },
 {
  "from_node": "Control Rig f_ring.01.L",
  "to_node": "Source Rig ring_01_l",
  "from_socket": "f_ring.01.R",
  "to_socket": "ring_01_r"
 },
 {
  "from_node": "Control Rig f_ring.02.L",
  "to_node": "Source Rig ring_02_l",
  "from_socket": "f_ring.02.L",
  "to_socket": "ring_02_l"
 },
 {
  "from_node": "Control Rig f_ring.02.L",
  "to_node": "Source Rig ring_02_l",
  "from_socket": "f_ring.02.R",
  "to_socket": "ring_02_r"
 },
 {
  "from_node": "Control Rig f_ring.03.L",
  "to_node": "Source Rig ring_03_l",
  "from_socket": "f_ring.03.L",
  "to_socket": "ring_03_l"
 },
 {
  "from_node": "Control Rig f_ring.03.L",
  "to_node": "Source Rig ring_03_l",
  "from_socket": "f_ring.03.R",
  "to_socket": "ring_03_r"
 },
 {
  "from_node": "Control Rig f_pinky.01.L",
  "to_node": "Source Rig pinky_01_l",
  "from_socket": "f_pinky.01.L",
  "to_socket": "pinky_01_l"
 },
 {
  "from_node": "Control Rig f_pinky.01.L",
  "to_node": "Source Rig pinky_01_l",
  "from_socket": "f_pinky.01.R",
  "to_socket": "pinky_01_r"
 },
 {
  "from_node": "Control Rig f_pinky.02.L",
  "to_node": "Source Rig pinky_02_l",
  "from_socket": "f_pinky.02.L",
  "to_socket": "pinky_02_l"
 },
 {
  "from_node": "Control Rig f_pinky.02.L",
  "to_node": "Source Rig pinky_02_l",
  "from_socket": "f_pinky.02.R",
  "to_socket": "pinky_02_r"
 },
 {
  "from_node": "Control Rig f_pinky.03.L",
  "to_node": "Source Rig pinky_03_l",
  "from_socket": "f_pinky.03.L",
  "to_socket": "pinky_03_l"
 },
 {
  "from_node": "Control Rig f_pinky.03.L",
  "to_node": "Source Rig pinky_03_l",
  "from_socket": "f_pinky.03.R",
  "to_socket": "pinky_03_r"
 },
 {
  "from_node": "Control Rig root",
  "to_node": "root",
  "from_socket": "root",
  "to_socket": "object"
 },
 {
  "from_node": "Control Rig teeth.T",
  "to_node": "Source Rig FACIAL_C_TeethUpper",
  "from_socket": "teeth.T",
  "to_socket": "FACIAL_C_TeethUpper"
 },
 {
  "from_node": "Control Rig teeth.B",
  "to_node": "Source Rig FACIAL_C_TeethLower",
  "from_socket": "teeth.B",
  "to_socket": "FACIAL_C_TeethLower"
 },
 {
  "from_node": "Control Rig jaw_master",
  "to_node": "Source Rig FACIAL_C_Jaw",
  "from_socket": "jaw_master",
  "to_socket": "FACIAL_C_Jaw"
 },
 {
  "from_node": "Control Rig eye_master.L.001",
  "to_node": "Source Rig FACIAL_L_Eye",
  "from_socket": "eye_master.L",
  "to_socket": "FACIAL_L_Eye"
 },
 {
  "from_node": "Control Rig eye_master.L.001",
  "to_node": "Source Rig FACIAL_L_Eye",
  "from_socket": "eye_master.R",
  "to_socket": "FACIAL_L_Eye"
 },
 {
  "from_node": "Control Rig eye_master.R",
  "to_node": "Source Rig FACIAL_R_Eye",
  "from_socket": "eye_master.R",
  "to_socket": "FACIAL_R_Eye"
 },
 {
  "from_node": "Control Rig eye_master.R",
  "to_node": "Source Rig FACIAL_R_Eye",
  "from_socket": "eye_master.L",
  "to_socket": "FACIAL_R_Eye"
 },
 {
  "from_node": "Control Rig tweak_tongue.003",
  "to_node": "Source Rig FACIAL_Tongue1",
  "from_socket": "tweak_tongue.003",
  "to_socket": "FACIAL_Tongue1"
 },
 {
  "from_node": "Control Rig tweak_tongue.002",
  "to_node": "Source Rig FACIAL_Tongue2",
  "from_socket": "tweak_tongue.002",
  "to_socket": "FACIAL_Tongue2"
 },
 {
  "from_node": "Control Rig tweak_tongue.001",
  "to_node": "Source Rig FACIAL_Tongue3",
  "from_socket": "tweak_tongue.001",
  "to_socket": "FACIAL_Tongue3"
 },
 {
  "from_node": "Control Rig tweak_tongue",
  "to_node": "Source Rig FACIAL_Tongue4",
  "from_socket": "tweak_tongue",
  "to_socket": "FACIAL_Tongue4"
 }
]