[
 {
  "name": "Source Rig pelvis",
  "label": "Source Rig pelvis",
  "color": [
   0.6079999804496765,
   0.6079999804496765,
   0.6079999804496765
  ],
  "use_custom_color": false,
  "location": [
   -300.0,
   0.0
  ],
  "width": 200.0,
  "height": 100.0,
  "type": "CUSTOM",
  "inputs": [],
  "outputs": [
   "pelvis"
  ],
  "mode": "SOURCE_TO_DEFORM"
 },
 {
  "name": "Control Rig DEF-spine",
  "label": "Control Rig DEF-spine",
  "color": [
   0.6079999804496765,
   0.6079999804496765,
   0.6079999804496765
  ],
  "use_custom_color": false,
  "location": [
   300.0,
   0.0
  ],
  "width": 200.0,
  "height": 100.0,
  "type": "CUSTOM",
  "inputs": [
   "DEF-spine"
  ],
  "outputs": [],
  "mode": "SOURCE_TO_DEFORM"
 },
 {
  "name": "Source Rig spine_01",
  "label": "Source Rig spine_01",
  "color": [
   0.6079999804496765,
   0.6079999804496765,
   0.6079999804496765
  ],
  "use_custom_color": false,
  "location": [
   -300.0,
   120.0
  ],
  "width": 200.0,
  "height": 100.0,
  "type": "CUSTOM",
  "inputs": [],
  "outputs": [
   "spine_01"
  ],
  "mode": "SOURCE_TO_DEFORM"
 },
 {
  "name": "Control Rig DEF-spine.001",
  "label": "Control Rig DEF-spine.001",
  "color": [
   0.6079999804496765,
   0.6079999804496765,
   0.6079999804496765
  ],
  "use_custom_color": false,
  "location": [
   300.0,
   120.0
  ],
  "width": 200.0,
  "height": 100.0,
  "type": "CUSTOM",
  "inputs": [
   "DEF-spine.001"
  ],
  "outputs": [],
  "mode": "SOURCE_TO_DEFORM"
 },
 {
  "name": "Source Rig spine_02",
  "label": "Source Rig spine_02",
  "color": [
   0.6079999804496765,
   0.6079999804496765,
   0.6079999804496765
  ],
  "use_custom_color": false,
  "location": [
   -300.0,
   240.0
  ],
  "width": 200.0,
  "height": 100.0,
  "type": "CUSTOM",
  "inputs": [],
  "outputs": [
   "spine_02"
  ],
  "mode": "SOURCE_TO_DEFORM"
 },
 {
  "name": "Control Rig DEF-spine.002",
  "label": "Control Rig DEF-spine.002",
  "color": [
   0.6079999804496765,
   0.6079999804496765,
   0.6079999804496765
  ],
  "use_custom_color": false,
  "location": [
   300.0,
   240.0
  ],
  "width": 200.0,
  "height": 100.0,
  "type": "CUSTOM",
  "inputs": [
   "DEF-spine.002"
  ],
  "outputs": [],
  "mode": "SOURCE_TO_DEFORM"
 },
 {
  "name": "Source Rig spine_03",
  "label": "Source Rig spine_03",
  "color": [
   0.6079999804496765,
   0.6079999804496765,
   0.6079999804496765
  ],
  "use_custom_color": false,
  "location": [
   -300.0,
   360.0
  ],
  "width": 200.0,
  "height": 100.0,
  "type": "CUSTOM",
  "inputs": [],
  "outputs": [
   "spine_03"
  ],
  "mode": "SOURCE_TO_DEFORM"
 },
 {
  "name": "Control Rig DEF-spine.003",
  "label": "Control Rig DEF-spine.003",
  "color": [
   0.6079999804496765,
   0.6079999804496765,
   0.6079999804496765
  ],
  "use_custom_color": false,
  "location": [
   300.0,
   360.0
  ],
  "width": 200.0,
  "height": 100.0,
  "type": "CUSTOM",
  "inputs": [
   "DEF-spine.003"
  ],
  "outputs": [],
  "mode": "SOURCE_TO_DEFORM"
 },
 {
  "name": "Source Rig spine_04",
  "label": "Source Rig spine_04",
  "color": [
   0.6079999804496765,
   0.6079999804496765,
   0.6079999804496765
  ],
  "use_custom_color": false,
  "location": [
   -300.0,
   480.0
  ],
  "width": 200.0,
  "height": 100.0,
  "type": "CUSTOM",
  "inputs": [],
  "outputs": [
   "spine_04"
  ],
  "mode": "SOURCE_TO_DEFORM"
 },
 {
  "name": "Control Rig DEF-spine.007",
  "label": "Control Rig DEF-spine.007",
  "color": [
   0.6079999804496765,
   0.6079999804496765,
   0.6079999804496765
  ],
  "use_custom_color": false,
  "location": [
   300.0,
   480.0
  ],
  "width": 200.0,
  "height": 100.0,
  "type": "CUSTOM",
  "inputs": [
   "DEF-spine.007"
  ],
  "outputs": [],
  "mode": "SOURCE_TO_DEFORM"
 },
 {
  "name": "Source Rig clavicle_pec_l",
  "label": "Source Rig clavicle_pec_l",
  "color": [
   0.6079999804496765,
   0.6079999804496765,
   0.6079999804496765
  ],
  "use_custom_color": false,
  "location": [
   -300.0,
   600.0
  ],
  "width": 200.0,
  "height": 100.0,
  "type": "CUSTOM",
  "inputs": [],
  "outputs": [
   "clavicle_pec_l",
   "clavicle_pec_r"
  ],
  "mode": "SOURCE_TO_DEFORM"
 },
 {
  "name": "Control Rig DEF-breast.L",
  "label": "Control Rig DEF-breast.L",
  "color": [
   0.6079999804496765,
   0.6079999804496765,
   0.6079999804496765
  ],
  "use_custom_color": false,
  "location": [
   300.0,
   600.0
  ],
  "width": 200.0,
  "height": 100.0,
  "type": "CUSTOM",
  "inputs": [
   "DEF-breast.L",
   "DEF-breast.R"
  ],
  "outputs": [],
  "mode": "SOURCE_TO_DEFORM"
 },
 {
  "name": "Source Rig spine_05",
  "label": "Source Rig spine_05",
  "color": [
   0.6079999804496765,
   0.6079999804496765,
   0.6079999804496765
  ],
  "use_custom_color": false,
  "location": [
   -300.0,
   720.0
  ],
  "width": 200.0,
  "height": 100.0,
  "type": "CUSTOM",
  "inputs": [],
  "outputs": [
   "spine_05"
  ],
  "mode": "SOURCE_TO_DEFORM"
 },
 {
  "name": "Control Rig DEF-spine.008",
  "label": "Control Rig DEF-spine.008",
  "color": [
   0.6079999804496765,
   0.6079999804496765,
   0.6079999804496765
  ],
  "use_custom_color": false,
  "location": [
   300.0,
   720.0
  ],
  "width": 200.0,
  "height": 100.0,
  "type": "CUSTOM",
  "inputs": [
   "DEF-spine.008"
  ],
  "outputs": [],
  "mode": "SOURCE_TO_DEFORM"
 },
 {
  "name": "Source Rig neck_01",
  "label": "Source Rig neck_01",
  "color": [
   0.6079999804496765,
   0.6079999804496765,
   0.6079999804496765
  ],
  "use_custom_color": false,
  "location": [
   -300.0,
   840.0
  ],
  "width": 200.0,
  "height": 100.0,
  "type": "CUSTOM",
  "inputs": [],
  "outputs": [
   "neck_01"
  ],
  "mode": "SOURCE_TO_DEFORM"
 },
 {
  "name": "Control Rig DEF-spine.004",
  "label": "Control Rig DEF-spine.004",
  "color": [
   0.6079999804496765,
   0.6079999804496765,
   0.6079999804496765
  ],
  "use_custom_color": false,
  "location": [
   300.0,
   840.0
  ],
  "width": 200.0,
  "height": 100.0,
  "type": "CUSTOM",
  "inputs": [
   "DEF-spine.004"
  ],
  "outputs": [],
  "mode": "SOURCE_TO_DEFORM"
 },
 {
  "name": "Source Rig neck_02",
  "label": "Source Rig neck_02",
  "color": [
   0.6079999804496765,
   0.6079999804496765,
   0.6079999804496765
  ],
  "use_custom_color": false,
  "location": [
   -300.0,
   960.0
  ],
  "width": 200.0,
  "height": 100.0,
  "type": "CUSTOM",
  "inputs": [],
  "outputs": [
   "neck_02"
  ],
  "mode": "SOURCE_TO_DEFORM"
 },
 {
  "name": "Control Rig DEF-spine.005",
  "label": "Control Rig DEF-spine.005",
  "color": [
   0.6079999804496765,
   0.6079999804496765,
   0.6079999804496765
  ],
  "use_custom_color": false,
  "location": [
   300.0,
   960.0
  ],
  "width": 200.0,
  "height": 100.0,
  "type": "CUSTOM",
  "inputs": [
   "DEF-spine.005"
  ],
  "outputs": [],
  "mode": "SOURCE_TO_DEFORM"
 },
 {
  "name": "Source Rig head",
  "label": "Source Rig head",
  "color": [
   0.6079999804496765,
   0.6079999804496765,
   0.6079999804496765
  ],
  "use_custom_color": false,
  "location": [
   -300.0,
   1080.0
  ],
  "width": 200.0,
  "height": 100.0,
  "type": "CUSTOM",
  "inputs": [],
  "outputs": [
   "head"
  ],
  "mode": "SOURCE_TO_DEFORM"
 },
 {
  "name": "Control Rig DEF-spine.006",
  "label": "Control Rig DEF-spine.006",
  "color": [
   0.6079999804496765,
   0.6079999804496765,
   0.6079999804496765
  ],
  "use_custom_color": false,
  "location": [
   300.0,
   1080.0
  ],
  "width": 200.0,
  "height": 100.0,
  "type": "CUSTOM",
  "inputs": [
   "DEF-spine.006"
  ],
  "outputs": [],
  "mode": "SOURCE_TO_DEFORM"
 },
 {
  "name": "Control Rig DEF-shoulder.L.001",
  "label": "Control Rig DEF-shoulder.L",
  "color": [
   0.6079999804496765,
   0.6079999804496765,
   0.6079999804496765
  ],
  "use_custom_color": false,
  "location": [
   300.0,
   1320.0
  ],
  "width": 200.0,
  "height": 100.0,
  "type": "CUSTOM",
  "inputs": [
   "DEF-shoulder.L",
   "DEF-shoulder.R"
  ],
  "outputs": [],
  "mode": "SOURCE_TO_DEFORM"
 },
 {
  "name": "Source Rig clavicle_l.001",
  "label": "Source Rig clavicle_l",
  "color": [
   0.6079999804496765,
   0.6079999804496765,
   0.6079999804496765
  ],
  "use_custom_color": false,
  "location": [
   -300.0,
   1320.0
  ],
  "width": 200.0,
  "height": 100.0,
  "type": "CUSTOM",
  "inputs": [],
  "outputs": [
   "clavicle_l",
   "clavicle_r"
  ],
  "mode": "SOURCE_TO_DEFORM"
 },
 {
  "name": "Source Rig upperarm_l",
  "label": "Source Rig upperarm_l",
  "color": [
   0.6079999804496765,
   0.6079999804496765,
   0.6079999804496765
  ],
  "use_custom_color": false,
  "location": [
   -300.0,
   1440.0
  ],
  "width": 200.0,
  "height": 100.0,
  "type": "CUSTOM",
  "inputs": [],
  "outputs": [
   "upperarm_l",
   "upperarm_r"
  ],
  "mode": "SOURCE_TO_DEFORM"
 },
 {
  "name": "Control Rig DEF-upper_arm.L.001",
  "label": "Control Rig DEF-upper_arm.L.001",
  "color": [
   0.6079999804496765,
   0.6079999804496765,
   0.6079999804496765
  ],
  "use_custom_color": false,
  "location": [
   300.0,
   1440.0
  ],
  "width": 200.0,
  "height": 100.0,
  "type": "CUSTOM",
  "inputs": [
   "DEF-upper_arm.L.001",
   "DEF-upper_arm.R.001"
  ],
  "outputs": [],
  "mode": "SOURCE_TO_DEFORM"
 },
 {
  "name": "Source Rig upperarm_correctiveRoot_l",
  "label": "Source Rig upperarm_correctiveRoot_l",
  "color": [
   0.6079999804496765,
   0.6079999804496765,
   0.6079999804496765
  ],
  "use_custom_color": false,
  "location": [
   -300.0,
   1560.0
  ],
  "width": 200.0,
  "height": 100.0,
  "type": "CUSTOM",
  "inputs": [],
  "outputs": [
   "upperarm_correctiveRoot_l",
   "upperarm_correctiveRoot_r"
  ],
  "mode": "SOURCE_TO_DEFORM"
 },
 {
  "name": "Control Rig DEF-upper_arm.L",
  "label": "Control Rig DEF-upper_arm.L",
  "color": [
   0.6079999804496765,
   0.6079999804496765,
   0.6079999804496765
  ],
  "use_custom_color": false,
  "location": [
   300.0,
   1560.0
  ],
  "width": 200.0,
  "height": 100.0,
  "type": "CUSTOM",
  "inputs": [
   "DEF-upper_arm.L",
   "DEF-upper_arm.R"
  ],
  "outputs": [],
  "mode": "SOURCE_TO_DEFORM"
 },
 {
  "name": "Source Rig upperarm_twist_02_l",
  "label": "Source Rig upperarm_twist_02_l",
  "color": [
   0.6079999804496765,
   0.6079999804496765,
   0.6079999804496765
  ],
  "use_custom_color": false,
  "location": [
   -300.0,
   1680.0
  ],
  "width": 200.0,
  "height": 100.0,
  "type": "CUSTOM",
  "inputs": [],
  "outputs": [
   "upperarm_twist_02_l",
   "upperarm_twist_02_r"
  ],
  "mode": "SOURCE_TO_DEFORM"
 },
 {
  "name": "Control Rig DEF-upper_arm.L.002",
  "label": "Control Rig DEF-upper_arm.L.002",
  "color": [
   0.6079999804496765,
   0.6079999804496765,
   0.6079999804496765
  ],
  "use_custom_color": false,
  "location": [
   300.0,
   1680.0
  ],
  "width": 200.0,
  "height": 100.0,
  "type": "CUSTOM",
  "inputs": [
   "DEF-upper_arm.L.002",
   "DEF-upper_arm.R.002"
  ],
  "outputs": [],
  "mode": "SOURCE_TO_DEFORM"
 },
 {
  "name": "Source Rig lowerarm_l",
  "label": "Source Rig lowerarm_l",
  "color": [
   0.6079999804496765,
   0.6079999804496765,
   0.6079999804496765
  ],
  "use_custom_color": false,
  "location": [
   -300.0,
   1800.0
  ],
  "width": 200.0,
  "height": 100.0,
  "type": "CUSTOM",
  "inputs": [],
  "outputs": [
   "lowerarm_l",
   "lowerarm_r"
  ],
  "mode": "SOURCE_TO_DEFORM"
 },
 {
  "name": "Control Rig DEF-forearm.L",
  "label": "Control Rig DEF-forearm.L",
  "color": [
   0.6079999804496765,
   0.6079999804496765,
   0.6079999804496765
  ],
  "use_custom_color": false,
  "location": [
   300.0,
   1800.0
  ],
  "width": 200.0,
  "height": 100.0,
  "type": "CUSTOM",
  "inputs": [
   "DEF-forearm.L",
   "DEF-forearm.R"
  ],
  "outputs": [],
  "mode": "SOURCE_TO_DEFORM"
 },
 {
  "name": "Source Rig lowerarm_twist_02_l",
  "label": "Source Rig lowerarm_twist_02_l",
  "color": [
   0.6079999804496765,
   0.6079999804496765,
   0.6079999804496765
  ],
  "use_custom_color": false,
  "location": [
   -300.0,
   1920.0
  ],
  "width": 200.0,
  "height": 100.0,
  "type": "CUSTOM",
  "inputs": [],
  "outputs": [
   "lowerarm_twist_02_l",
   "lowerarm_twist_02_r"
  ],
  "mode": "SOURCE_TO_DEFORM"
 },
 {
  "name": "Control Rig DEF-forearm.L.001",
  "label": "Control Rig DEF-forearm.L.001",
  "color": [
   0.6079999804496765,
   0.6079999804496765,
   0.6079999804496765
  ],
  "use_custom_color": false,
  "location": [
   300.0,
   1920.0
  ],
  "width": 200.0,
  "height": 100.0,
  "type": "CUSTOM",
  "inputs": [
   "DEF-forearm.L.001",
   "DEF-forearm.R.001"
  ],
  "outputs": [],
  "mode": "SOURCE_TO_DEFORM"
 },
 {
  "name": "Source Rig lowerarm_twist_01_l",
  "label": "Source Rig lowerarm_twist_01_l",
  "color": [
   0.6079999804496765,
   0.6079999804496765,
   0.6079999804496765
  ],
  "use_custom_color": false,
  "location": [
   -300.0,
   2040.0
  ],
  "width": 200.0,
  "height": 100.0,
  "type": "CUSTOM",
  "inputs": [],
  "outputs": [
   "lowerarm_twist_01_l",
   "lowerarm_twist_01_r"
  ],
  "mode": "SOURCE_TO_DEFORM"
 },
 {
  "name": "Control Rig DEF-forearm.L.002",
  "label": "Control Rig DEF-forearm.L.002",
  "color": [
   0.6079999804496765,
   0.6079999804496765,
   0.6079999804496765
  ],
  "use_custom_color": false,
  "location": [
   300.0,
   2040.0
  ],
  "width": 200.0,
  "height": 100.0,
  "type": "CUSTOM",
  "inputs": [
   "DEF-forearm.L.002",
   "DEF-forearm.R.002"
  ],
  "outputs": [],
  "mode": "SOURCE_TO_DEFORM"
 },
 {
  "name": "Source Rig hand_l",
  "label": "Source Rig hand_l",
  "color": [
   0.6079999804496765,
   0.6079999804496765,
   0.6079999804496765
  ],
  "use_custom_color": false,
  "location": [
   -300.0,
   2160.0
  ],
  "width": 200.0,
  "height": 100.0,
  "type": "CUSTOM",
  "inputs": [],
  "outputs": [
   "hand_l",
   "hand_r"
  ],
  "mode": "SOURCE_TO_DEFORM"
 },
 {
  "name": "Control Rig DEF-hand.L",
  "label": "Control Rig DEF-hand.L",
  "color": [
   0.6079999804496765,
   0.6079999804496765,
   0.6079999804496765
  ],
  "use_custom_color": false,
  "location": [
   300.0,
   2160.0
  ],
  "width": 200.0,
  "height": 100.0,
  "type": "CUSTOM",
  "inputs": [
   "DEF-hand.L",
   "DEF-hand.R"
  ],
  "outputs": [],
  "mode": "SOURCE_TO_DEFORM"
 },
 {
  "name": "Source Rig thumb_01_l",
  "label": "Source Rig thumb_01_l",
  "color": [
   0.6079999804496765,
   0.6079999804496765,
   0.6079999804496765
  ],
  "use_custom_color": false,
  "location": [
   -300.0,
   2280.0
  ],
  "width": 200.0,
  "height": 100.0,
  "type": "CUSTOM",
  "inputs": [],
  "outputs": [
   "thumb_01_l",
   "thumb_01_r"
  ],
  "mode": "SOURCE_TO_DEFORM"
 },
 {
  "name": "Control Rig DEF-thumb.01.L",
  "label": "Control Rig DEF-thumb.01.L",
  "color": [
   0.6079999804496765,
   0.6079999804496765,
   0.6079999804496765
  ],
  "use_custom_color": false,
  "location": [
   300.0,
   2280.0
  ],
  "width": 200.0,
  "height": 100.0,
  "type": "CUSTOM",
  "inputs": [
   "DEF-thumb.01.L",
   "DEF-thumb.01.R"
  ],
  "outputs": [],
  "mode": "SOURCE_TO_DEFORM"
 },
 {
  "name": "Source Rig thumb_02_l",
  "label": "Source Rig thumb_02_l",
  "color": [
   0.6079999804496765,
   0.6079999804496765,
   0.6079999804496765
  ],
  "use_custom_color": false,
  "location": [
   -300.0,
   2400.0
  ],
  "width": 200.0,
  "height": 100.0,
  "type": "CUSTOM",
  "inputs": [],
  "outputs": [
   "thumb_02_l",
   "thumb_02_r"
  ],
  "mode": "SOURCE_TO_DEFORM"
 },
 {
  "name": "Control Rig DEF-thumb.02.L",
  "label": "Control Rig DEF-thumb.02.L",
  "color": [
   0.6079999804496765,
   0.6079999804496765,
   0.6079999804496765
  ],
  "use_custom_color": false,
  "location": [
   300.0,
   2400.0
  ],
  "width": 200.0,
  "height": 100.0,
  "type": "CUSTOM",
  "inputs": [
   "DEF-thumb.02.L",
   "DEF-thumb.02.R"
  ],
  "outputs": [],
  "mode": "SOURCE_TO_DEFORM"
 },
 {
  "name": "Source Rig thumb_03_l",
  "label": "Source Rig thumb_03_l",
  "color": [
   0.6079999804496765,
   0.6079999804496765,
   0.6079999804496765
  ],
  "use_custom_color": false,
  "location": [
   -300.0,
   2520.0
  ],
  "width": 200.0,
  "height": 100.0,
  "type": "CUSTOM",
  "inputs": [],
  "outputs": [
   "thumb_03_l",
   "thumb_03_r"
  ],
  "mode": "SOURCE_TO_DEFORM"
 },
 {
  "name": "Control Rig DEF-thumb.03.L",
  "label": "Control Rig DEF-thumb.03.L",
  "color": [
   0.6079999804496765,
   0.6079999804496765,
   0.6079999804496765
  ],
  "use_custom_color": false,
  "location": [
   300.0,
   2520.0
  ],
  "width": 200.0,
  "height": 100.0,
  "type": "CUSTOM",
  "inputs": [
   "DEF-thumb.03.L",
   "DEF-thumb.03.R"
  ],
  "outputs": [],
  "mode": "SOURCE_TO_DEFORM"
 },
 {
  "name": "Source Rig index_metacarpal_l",
  "label": "Source Rig index_metacarpal_l",
  "color": [
   0.6079999804496765,
   0.6079999804496765,
   0.6079999804496765
  ],
  "use_custom_color": false,
  "location": [
   -300.0,
   2640.0
  ],
  "width": 200.0,
  "height": 100.0,
  "type": "CUSTOM",
  "inputs": [],
  "outputs": [
   "index_metacarpal_l",
   "index_metacarpal_r"
  ],
  "mode": "SOURCE_TO_DEFORM"
 },
 {
  "name": "Control Rig DEF-palm.01.L",
  "label": "Control Rig DEF-palm.01.L",
  "color": [
   0.6079999804496765,
   0.6079999804496765,
   0.6079999804496765
  ],
  "use_custom_color": false,
  "location": [
   300.0,
   2640.0
  ],
  "width": 200.0,
  "height": 100.0,
  "type": "CUSTOM",
  "inputs": [
   "DEF-palm.01.L",
   "DEF-palm.01.R"
  ],
  "outputs": [],
  "mode": "SOURCE_TO_DEFORM"
 },
 {
  "name": "Source Rig middle_metacarpal_l",
  "label": "Source Rig middle_metacarpal_l",
  "color": [
   0.6079999804496765,
   0.6079999804496765,
   0.6079999804496765
  ],
  "use_custom_color": false,
  "location": [
   -300.0,
   2760.0
  ],
  "width": 200.0,
  "height": 100.0,
  "type": "CUSTOM",
  "inputs": [],
  "outputs": [
   "middle_metacarpal_l",
   "middle_metacarpal_r"
  ],
  "mode": "SOURCE_TO_DEFORM"
 },
 {
  "name": "Control Rig DEF-palm.02.L",
  "label": "Control Rig DEF-palm.02.L",
  "color": [
   0.6079999804496765,
   0.6079999804496765,
   0.6079999804496765
  ],
  "use_custom_color": false,
  "location": [
   300.0,
   2760.0
  ],
  "width": 200.0,
  "height": 100.0,
  "type": "CUSTOM",
  "inputs": [
   "DEF-palm.02.L",
   "DEF-palm.02.R"
  ],
  "outputs": [],
  "mode": "SOURCE_TO_DEFORM"
 },
 {
  "name": "Source Rig ring_metacarpal_l",
  "label": "Source Rig ring_metacarpal_l",
  "color": [
   0.6079999804496765,
   0.6079999804496765,
   0.6079999804496765
  ],
  "use_custom_color": false,
  "location": [
   -300.0,
   2880.0
  ],
  "width": 200.0,
  "height": 100.0,
  "type": "CUSTOM",
  "inputs": [],
  "outputs": [
   "ring_metacarpal_l",
   "ring_metacarpal_r"
  ],
  "mode": "SOURCE_TO_DEFORM"
 },
 {
  "name": "Control Rig DEF-palm.03.L",
  "label": "Control Rig DEF-palm.03.L",
  "color": [
   0.6079999804496765,
   0.6079999804496765,
   0.6079999804496765
  ],
  "use_custom_color": false,
  "location": [
   300.0,
   2880.0
  ],
  "width": 200.0,
  "height": 100.0,
  "type": "CUSTOM",
  "inputs": [
   "DEF-palm.03.L",
   "DEF-palm.03.R"
  ],
  "outputs": [],
  "mode": "SOURCE_TO_DEFORM"
 },
 {
  "name": "Source Rig pinky_metacarpal_l",
  "label": "Source Rig pinky_metacarpal_l",
  "color": [
   0.6079999804496765,
   0.6079999804496765,
   0.6079999804496765
  ],
  "use_custom_color": false,
  "location": [
   -300.0,
   3000.0
  ],
  "width": 200.0,
  "height": 100.0,
  "type": "CUSTOM",
  "inputs": [],
  "outputs": [
   "pinky_metacarpal_l",
   "pinky_metacarpal_r"
  ],
  "mode": "SOURCE_TO_DEFORM"
 },
 {
  "name": "Control Rig DEF-palm.04.L",
  "label": "Control Rig DEF-palm.04.L",
  "color": [
   0.6079999804496765,
   0.6079999804496765,
   0.6079999804496765
  ],
  "use_custom_color": false,
  "location": [
   300.0,
   3000.0
  ],
  "width": 200.0,
  "height": 100.0,
  "type": "CUSTOM",
  "inputs": [
   "DEF-palm.04.L",
   "DEF-palm.04.R"
  ],
  "outputs": [],
  "mode": "SOURCE_TO_DEFORM"
 },
 {
  "name": "Source Rig index_01_l",
  "label": "Source Rig index_01_l",
  "color": [
   0.6079999804496765,
   0.6079999804496765,
   0.6079999804496765
  ],
  "use_custom_color": false,
  "location": [
   -300.0,
   3120.0
  ],
  "width": 200.0,
  "height": 100.0,
  "type": "CUSTOM",
  "inputs": [],
  "outputs": [
   "index_01_l",
   "index_01_r"
  ],
  "mode": "SOURCE_TO_DEFORM"
 },
 {
  "name": "Control Rig DEF-f_index.01.L",
  "label": "Control Rig DEF-f_index.01.L",
  "color": [
   0.6079999804496765,
   0.6079999804496765,
   0.6079999804496765
  ],
  "use_custom_color": false,
  "location": [
   300.0,
   3120.0
  ],
  "width": 200.0,
  "height": 100.0,
  "type": "CUSTOM",
  "inputs": [
   "DEF-f_index.01.L",
   "DEF-f_index.01.R"
  ],
  "outputs": [],
  "mode": "SOURCE_TO_DEFORM"
 },
 {
  "name": "Source Rig middle_01_l",
  "label": "Source Rig middle_01_l",
  "color": [
   0.6079999804496765,
   0.6079999804496765,
   0.6079999804496765
  ],
  "use_custom_color": false,
  "location": [
   -300.0,
   3240.0
  ],
  "width": 200.0,
  "height": 100.0,
  "type": "CUSTOM",
  "inputs": [],
  "outputs": [
   "middle_01_l",
   "middle_01_r"
  ],
  "mode": "SOURCE_TO_DEFORM"
 },
 {
  "name": "Control Rig DEF-f_middle.01.L",
  "label": "Control Rig DEF-f_middle.01.L",
  "color": [
   0.6079999804496765,
   0.6079999804496765,
   0.6079999804496765
  ],
  "use_custom_color": false,
  "location": [
   300.0,
   3240.0
  ],
  "width": 200.0,
  "height": 100.0,
  "type": "CUSTOM",
  "inputs": [
   "DEF-f_middle.01.L",
   "DEF-f_middle.01.R"
  ],
  "outputs": [],
  "mode": "SOURCE_TO_DEFORM"
 },
 {
  "name": "Source Rig ring_01_l",
  "label": "Source Rig ring_01_l",
  "color": [
   0.6079999804496765,
   0.6079999804496765,
   0.6079999804496765
  ],
  "use_custom_color": false,
  "location": [
   -300.0,
   3360.0
  ],
  "width": 200.0,
  "height": 100.0,
  "type": "CUSTOM",
  "inputs": [],
  "outputs": [
   "ring_01_l",
   "ring_01_r"
  ],
  "mode": "SOURCE_TO_DEFORM"
 },
 {
  "name": "Control Rig DEF-f_ring.01.L",
  "label": "Control Rig DEF-f_ring.01.L",
  "color": [
   0.6079999804496765,
   0.6079999804496765,
   0.6079999804496765
  ],
  "use_custom_color": false,
  "location": [
   300.0,
   3360.0
  ],
  "width": 200.0,
  "height": 100.0,
  "type": "CUSTOM",
  "inputs": [
   "DEF-f_ring.01.L",
   "DEF-f_ring.01.R"
  ],
  "outputs": [],
  "mode": "SOURCE_TO_DEFORM"
 },
 {
  "name": "Source Rig pinky_01_l",
  "label": "Source Rig pinky_01_l",
  "color": [
   0.6079999804496765,
   0.6079999804496765,
   0.6079999804496765
  ],
  "use_custom_color": false,
  "location": [
   -300.0,
   3480.0
  ],
  "width": 200.0,
  "height": 100.0,
  "type": "CUSTOM",
  "inputs": [],
  "outputs": [
   "pinky_01_l",
   "pinky_01_r"
  ],
  "mode": "SOURCE_TO_DEFORM"
 },
 {
  "name": "Control Rig DEF-f_pinky.01.L",
  "label": "Control Rig DEF-f_pinky.01.L",
  "color": [
   0.6079999804496765,
   0.6079999804496765,
   0.6079999804496765
  ],
  "use_custom_color": false,
  "location": [
   300.0,
   3480.0
  ],
  "width": 200.0,
  "height": 100.0,
  "type": "CUSTOM",
  "inputs": [
   "DEF-f_pinky.01.L",
   "DEF-f_pinky.01.R"
  ],
  "outputs": [],
  "mode": "SOURCE_TO_DEFORM"
 },
 {
  "name": "Source Rig index_02_l",
  "label": "Source Rig index_02_l",
  "color": [
   0.6079999804496765,
   0.6079999804496765,
   0.6079999804496765
  ],
  "use_custom_color": false,
  "location": [
   -300.0,
   3600.0
  ],
  "width": 200.0,
  "height": 100.0,
  "type": "CUSTOM",
  "inputs": [],
  "outputs": [
   "index_02_l",
   "index_02_r"
  ],
  "mode": "SOURCE_TO_DEFORM"
 },
 {
  "name": "Control Rig DEF-f_index.02.L",
  "label": "Control Rig DEF-f_index.02.L",
  "color": [
   0.6079999804496765,
   0.6079999804496765,
   0.6079999804496765
  ],
  "use_custom_color": false,
  "location": [
   300.0,
   3600.0
  ],
  "width": 200.0,
  "height": 100.0,
  "type": "CUSTOM",
  "inputs": [
   "DEF-f_index.02.L",
   "DEF-f_index.02.R"
  ],
  "outputs": [],
  "mode": "SOURCE_TO_DEFORM"
 },
 {
  "name": "Source Rig middle_02_l",
  "label": "Source Rig middle_02_l",
  "color": [
   0.6079999804496765,
   0.6079999804496765,
   0.6079999804496765
  ],
  "use_custom_color": false,
  "location": [
   -300.0,
   3720.0
  ],
  "width": 200.0,
  "height": 100.0,
  "type": "CUSTOM",
  "inputs": [],
  "outputs": [
   "middle_02_l",
   "middle_02_r"
  ],
  "mode": "SOURCE_TO_DEFORM"
 },
 {
  "name": "Control Rig DEF-f_middle.02.L",
  "label": "Control Rig DEF-f_middle.02.L",
  "color": [
   0.6079999804496765,
   0.6079999804496765,
   0.6079999804496765
  ],
  "use_custom_color": false,
  "location": [
   300.0,
   3720.0
  ],
  "width": 200.0,
  "height": 100.0,
  "type": "CUSTOM",
  "inputs": [
   "DEF-f_middle.02.L",
   "DEF-f_middle.02.R"
  ],
  "outputs": [],
  "mode": "SOURCE_TO_DEFORM"
 },
 {
  "name": "Source Rig ring_02_l",
  "label": "Source Rig ring_02_l",
  "color": [
   0.6079999804496765,
   0.6079999804496765,
   0.6079999804496765
  ],
  "use_custom_color": false,
  "location": [
   -300.0,
   3840.0
  ],
  "width": 200.0,
  "height": 100.0,
  "type": "CUSTOM",
  "inputs": [],
  "outputs": [
   "ring_02_l",
   "ring_02_r"
  ],
  "mode": "SOURCE_TO_DEFORM"
 },
 {
  "name": "Control Rig DEF-f_ring.02.L",
  "label": "Control Rig DEF-f_ring.02.L",
  "color": [
   0.6079999804496765,
   0.6079999804496765,
   0.6079999804496765
  ],
  "use_custom_color": false,
  "location": [
   300.0,
   3840.0
  ],
  "width": 200.0,
  "height": 100.0,
  "type": "CUSTOM",
  "inputs": [
   "DEF-f_ring.02.L",
   "DEF-f_ring.02.R"
  ],
  "outputs": [],
  "mode": "SOURCE_TO_DEFORM"
 },
 {
  "name": "Source Rig pinky_02_l",
  "label": "Source Rig pinky_02_l",
  "color": [
   0.6079999804496765,
   0.6079999804496765,
   0.6079999804496765
  ],
  "use_custom_color": false,
  "location": [
   -300.0,
   3960.0
  ],
  "width": 200.0,
  "height": 100.0,
  "type": "CUSTOM",
  "inputs": [],
  "outputs": [
   "pinky_02_l",
   "pinky_02_r"
  ],
  "mode": "SOURCE_TO_DEFORM"
 },
 {
  "name": "Control Rig DEF-f_pinky.02.L",
  "label": "Control Rig DEF-f_pinky.02.L",
  "color": [
   0.6079999804496765,
   0.6079999804496765,
   0.6079999804496765
  ],
  "use_custom_color": false,
  "location": [
   300.0,
   3960.0
  ],
  "width": 200.0,
  "height": 100.0,
  "type": "CUSTOM",
  "inputs": [
   "DEF-f_pinky.02.L",
   "DEF-f_pinky.02.R"
  ],
  "outputs": [],
  "mode": "SOURCE_TO_DEFORM"
 },
 {
  "name": "Source Rig index_03_l",
  "label": "Source Rig index_03_l",
  "color": [
   0.6079999804496765,
   0.6079999804496765,
   0.6079999804496765
  ],
  "use_custom_color": false,
  "location": [
   -300.0,
   4080.0
  ],
  "width": 200.0,
  "height": 100.0,
  "type": "CUSTOM",
  "inputs": [],
  "outputs": [
   "index_03_l",
   "index_03_r"
  ],
  "mode": "SOURCE_TO_DEFORM"
 },
 {
  "name": "Control Rig DEF-f_index.03.L",
  "label": "Control Rig DEF-f_index.03.L",
  "color": [
   0.6079999804496765,
   0.6079999804496765,
   0.6079999804496765
  ],
  "use_custom_color": false,
  "location": [
   300.0,
   4080.0
  ],
  "width": 200.0,
  "height": 100.0,
  "type": "CUSTOM",
  "inputs": [
   "DEF-f_index.03.L",
   "DEF-f_index.03.R"
  ],
  "outputs": [],
  "mode": "SOURCE_TO_DEFORM"
 },
 {
  "name": "Source Rig middle_03_l",
  "label": "Source Rig middle_03_l",
  "color": [
   0.6079999804496765,
   0.6079999804496765,
   0.6079999804496765
  ],
  "use_custom_color": false,
  "location": [
   -300.0,
   4200.0
  ],
  "width": 200.0,
  "height": 100.0,
  "type": "CUSTOM",
  "inputs": [],
  "outputs": [
   "middle_03_l",
   "middle_03_r"
  ],
  "mode": "SOURCE_TO_DEFORM"
 },
 {
  "name": "Control Rig DEF-f_middle.03.L",
  "label": "Control Rig DEF-f_middle.03.L",
  "color": [
   0.6079999804496765,
   0.6079999804496765,
   0.6079999804496765
  ],
  "use_custom_color": false,
  "location": [
   300.0,
   4200.0
  ],
  "width": 200.0,
  "height": 100.0,
  "type": "CUSTOM",
  "inputs": [
   "DEF-f_middle.03.L",
   "DEF-f_middle.03.R"
  ],
  "outputs": [],
  "mode": "SOURCE_TO_DEFORM"
 },
 {
  "name": "Source Rig ring_03_l",
  "label": "Source Rig ring_03_l",
  "color": [
   0.6079999804496765,
   0.6079999804496765,
   0.6079999804496765
  ],
  "use_custom_color": false,
  "location": [
   -300.0,
   4320.0
  ],
  "width": 200.0,
  "height": 100.0,
  "type": "CUSTOM",
  "inputs": [],
  "outputs": [
   "ring_03_l",
   "ring_03_r"
  ],
  "mode": "SOURCE_TO_DEFORM"
 },
 {
  "name": "Control Rig DEF-f_ring.03.L",
  "label": "Control Rig DEF-f_ring.03.L",
  "color": [
   0.6079999804496765,
   0.6079999804496765,
   0.6079999804496765
  ],
  "use_custom_color": false,
  "location": [
   300.0,
   4320.0
  ],
  "width": 200.0,
  "height": 100.0,
  "type": "CUSTOM",
  "inputs": [
   "DEF-f_ring.03.L",
   "DEF-f_ring.03.R"
  ],
  "outputs": [],
  "mode": "SOURCE_TO_DEFORM"
 },
 {
  "name": "Source Rig pinky_03_l",
  "label": "Source Rig pinky_03_l",
  "color": [
   0.6079999804496765,
   0.6079999804496765,
   0.6079999804496765
  ],
  "use_custom_color": false,
  "location": [
   -300.0,
   4440.0
  ],
  "width": 200.0,
  "height": 100.0,
  "type": "CUSTOM",
  "inputs": [],
  "outputs": [
   "pinky_03_l",
   "pinky_03_r"
  ],
  "mode": "SOURCE_TO_DEFORM"
 },
 {
  "name": "Control Rig DEF-f_pinky.03.L",
  "label": "Control Rig DEF-f_pinky.03.L",
  "color": [
   0.6079999804496765,
   0.6079999804496765,
   0.6079999804496765
  ],
  "use_custom_color": false,
  "location": [
   300.0,
   4440.0
  ],
  "width": 200.0,
  "height": 100.0,
  "type": "CUSTOM",
  "inputs": [
   "DEF-f_pinky.03.L",
   "DEF-f_pinky.03.R"
  ],
  "outputs": [],
  "mode": "SOURCE_TO_DEFORM"
 },
 {
  "name": "Source Rig thigh_correctiveRoot_l",
  "label": "Source Rig thigh_correctiveRoot_l",
  "color": [
   0.6079999804496765,
   0.6079999804496765,
   0.6079999804496765
  ],
  "use_custom_color": false,
  "location": [
   -300.0,
   4560.0
  ],
  "width": 200.0,
  "height": 100.0,
  "type": "CUSTOM",
  "inputs": [],
  "outputs": [
   "thigh_correctiveRoot_l",
   "thigh_correctiveRoot_r"
  ],
  "mode": "SOURCE_TO_DEFORM"
 },
 {
  "name": "Control Rig DEF-thigh.L",
  "label": "Control Rig DEF-thigh.L",
  "color": [
   0.6079999804496765,
   0.6079999804496765,
   0.6079999804496765
  ],
  "use_custom_color": false,
  "location": [
   300.0,
   4560.0
  ],
  "width": 200.0,
  "height": 100.0,
  "type": "CUSTOM",
  "inputs": [
   "DEF-thigh.L",
   "DEF-thigh.R"
  ],
  "outputs": [],
  "mode": "SOURCE_TO_DEFORM"
 },
 {
  "name": "Source Rig thigh_l",
  "label": "Source Rig thigh_l",
  "color": [
   0.6079999804496765,
   0.6079999804496765,
   0.6079999804496765
  ],
  "use_custom_color": false,
  "location": [
   -300.0,
   4680.0
  ],
  "width": 200.0,
  "height": 100.0,
  "type": "CUSTOM",
  "inputs": [],
  "outputs": [
   "thigh_l",
   "thigh_r"
  ],
  "mode": "SOURCE_TO_DEFORM"
 },
 {
  "name": "Control Rig DEF-thigh.L.001",
  "label": "Control Rig DEF-thigh.L.001",
  "color": [
   0.6079999804496765,
   0.6079999804496765,
   0.6079999804496765
  ],
  "use_custom_color": false,
  "location": [
   300.0,
   4680.0
  ],
  "width": 200.0,
  "height": 100.0,
  "type": "CUSTOM",
  "inputs": [
   "DEF-thigh.L.001",
   "DEF-thigh.R.001"
  ],
  "outputs": [],
  "mode": "SOURCE_TO_DEFORM"
 },
 {
  "name": "Source Rig thigh_twist_02_l",
  "label": "Source Rig thigh_twist_02_l",
  "color": [
   0.6079999804496765,
   0.6079999804496765,
   0.6079999804496765
  ],
  "use_custom_color": false,
  "location": [
   -300.0,
   4800.0
  ],
  "width": 200.0,
  "height": 100.0,
  "type": "CUSTOM",
  "inputs": [],
  "outputs": [
   "thigh_twist_02_l",
   "thigh_twist_02_r"
  ],
  "mode": "SOURCE_TO_DEFORM"
 },
 {
  "name": "Control Rig DEF-thigh.L.002",
  "label": "Control Rig DEF-thigh.L.002",
  "color": [
   0.6079999804496765,
   0.6079999804496765,
   0.6079999804496765
  ],
  "use_custom_color": false,
  "location": [
   300.0,
   4800.0
  ],
  "width": 200.0,
  "height": 100.0,
  "type": "CUSTOM",
  "inputs": [
   "DEF-thigh.L.002",
   "DEF-thigh.R.002"
  ],
  "outputs": [],
  "mode": "SOURCE_TO_DEFORM"
 },
 {
  "name": "Source Rig calf_l",
  "label": "Source Rig calf_l",
  "color": [
   0.6079999804496765,
   0.6079999804496765,
   0.6079999804496765
  ],
  "use_custom_color": false,
  "location": [
   -300.0,
   4920.0
  ],
  "width": 200.0,
  "height": 100.0,
  "type": "CUSTOM",
  "inputs": [],
  "outputs": [
   "calf_l",
   "calf_r"
  ],
  "mode": "SOURCE_TO_DEFORM"
 },
 {
  "name": "Control Rig DEF-shin.L",
  "label": "Control Rig DEF-shin.L",
  "color": [
   0.6079999804496765,
   0.6079999804496765,
   0.6079999804496765
  ],
  "use_custom_color": false,
  "location": [
   300.0,
   4920.0
  ],
  "width": 200.0,
  "height": 100.0,
  "type": "CUSTOM",
  "inputs": [
   "DEF-shin.L",
   "DEF-shin.R"
  ],
  "outputs": [],
  "mode": "SOURCE_TO_DEFORM"
 },
 {
  "name": "Source Rig calf_twist_02_l",
  "label": "Source Rig calf_twist_02_l",
  "color": [
   0.6079999804496765,
   0.6079999804496765,
   0.6079999804496765
  ],
  "use_custom_color": false,
  "location": [
   -300.0,
   5040.0
  ],
  "width": 200.0,
  "height": 100.0,
  "type": "CUSTOM",
  "inputs": [],
  "outputs": [
   "calf_twist_02_l",
   "calf_twist_02_r"
  ],
  "mode": "SOURCE_TO_DEFORM"
 },
 {
  "name": "Control Rig DEF-shin.L.001",
  "label": "Control Rig DEF-shin.L.001",
  "color": [
   0.6079999804496765,
   0.6079999804496765,
   0.6079999804496765
  ],
  "use_custom_color": false,
  "location": [
   300.0,
   5040.0
  ],
  "width": 200.0,
  "height": 100.0,
  "type": "CUSTOM",
  "inputs": [
   "DEF-shin.L.001",
   "DEF-shin.R.001"
  ],
  "outputs": [],
  "mode": "SOURCE_TO_DEFORM"
 },
 {
  "name": "Source Rig calf_twist_01_l",
  "label": "Source Rig calf_twist_01_l",
  "color": [
   0.6079999804496765,
   0.6079999804496765,
   0.6079999804496765
  ],
  "use_custom_color": false,
  "location": [
   -300.0,
   5160.0
  ],
  "width": 200.0,
  "height": 100.0,
  "type": "CUSTOM",
  "inputs": [],
  "outputs": [
   "calf_twist_01_l",
   "calf_twist_01_r"
  ],
  "mode": "SOURCE_TO_DEFORM"
 },
 {
  "name": "Control Rig DEF-shin.L.002",
  "label": "Control Rig DEF-shin.L.002",
  "color": [
   0.6079999804496765,
   0.6079999804496765,
   0.6079999804496765
  ],
  "use_custom_color": false,
  "location": [
   300.0,
   5160.0
  ],
  "width": 200.0,
  "height": 100.0,
  "type": "CUSTOM",
  "inputs": [
   "DEF-shin.L.002",
   "DEF-shin.R.002"
  ],
  "outputs": [],
  "mode": "SOURCE_TO_DEFORM"
 },
 {
  "name": "Source Rig foot_l",
  "label": "Source Rig foot_l",
  "color": [
   0.6079999804496765,
   0.6079999804496765,
   0.6079999804496765
  ],
  "use_custom_color": false,
  "location": [
   -300.0,
   5280.0
  ],
  "width": 200.0,
  "height": 100.0,
  "type": "CUSTOM",
  "inputs": [],
  "outputs": [
   "foot_l",
   "foot_r"
  ],
  "mode": "SOURCE_TO_DEFORM"
 },
 {
  "name": "Control Rig DEF-foot.L",
  "label": "Control Rig DEF-foot.L",
  "color": [
   0.6079999804496765,
   0.6079999804496765,
   0.6079999804496765
  ],
  "use_custom_color": false,
  "location": [
   300.0,
   5280.0
  ],
  "width": 200.0,
  "height": 100.0,
  "type": "CUSTOM",
  "inputs": [
   "DEF-foot.L",
   "DEF-foot.R"
  ],
  "outputs": [],
  "mode": "SOURCE_TO_DEFORM"
 },
 {
  "name": "Source Rig ball_l",
  "label": "Source Rig ball_l",
  "color": [
   0.6079999804496765,
   0.6079999804496765,
   0.6079999804496765
  ],
  "use_custom_color": false,
  "location": [
   -300.0,
   5400.0
  ],
  "width": 200.0,
  "height": 100.0,
  "type": "CUSTOM",
  "inputs": [],
  "outputs": [
   "ball_l",
   "ball_r"
  ],
  "mode": "SOURCE_TO_DEFORM"
 },
 {
  "name": "Control Rig DEF-toe.L",
  "label": "Control Rig DEF-toe.L",
  "color": [
   0.6079999804496765,
   0.6079999804496765,
   0.6079999804496765
  ],
  "use_custom_color": false,
  "location": [
   300.0,
   5400.0
  ],
  "width": 200.0,
  "height": 100.0,
  "type": "CUSTOM",
  "inputs": [
   "DEF-toe.L",
   "DEF-toe.R"
  ],
  "outputs": [],
  "mode": "SOURCE_TO_DEFORM"
 },
 {
  "name": "Control Rig root",
  "label": "Control Rig root",
  "color": [
   0.6079999804496765,
   0.6079999804496765,
   0.6079999804496765
  ],
  "use_custom_color": false,
  "location": [
   300.0,
   5520.0
  ],
  "width": 200.0,
  "height": 100.0,
  "type": "CUSTOM",
  "inputs": [
   "root"
  ],
  "outputs": [],
  "mode": "SOURCE_TO_DEFORM"
 },
 {
  "name": "root",
  "label": "",
  "color": [
   0.6079999804496765,
   0.6079999804496765,
   0.6079999804496765
  ],
  "use_custom_color": false,
  "location": [
   -254.99746704101562,
   5529.6982421875
  ],
  "width": 140.0,
  "height": 100.0,
  "type": "CUSTOM",
  "inputs": [],
  "outputs": [
   "object"
  ],
  "mode": "SOURCE_TO_DEFORM"
 }
]